{"cameraMode":{"drawMode":0,"name":"Shaded","section":"Shading Mode"},"sceneLighting":true,"audioPlay":false,"sceneViewState":{"showFog":false,"showMaterialUpdate":false,"showSkybox":true,"showFlares":false,"showImageEffects":false,"showParticleSystems":false},"in2DMode":false,"pivot":{"x":4.251680374145508,"y":0.05381202697753906,"z":-3.1777591705322267},"rotation":{"x":-0.054722197353839877,"y":0.9451516270637512,"z":-0.21961642801761628,"w":-0.2355051040649414},"size":10.0,"orthographic":false}